county,name,known_for,matches,matched_names,keep
南投縣,局長茶葉蛋,茶葉蛋,0,,no
南投縣,源振發餅舖,狀元餅,0,,no
南投縣,日月潭阿婆茶叶蛋,香菇茶葉蛋,0,,no
南投縣,水里羊肉王,當歸羊肉爐,0,,no
南投縣,草屯涼圓,古早味涼圓,0,,no
南投縣,李記素食麵,素食意麵,0,,no
南投縣,林記筒仔米糕,筒仔米糕,0,,no
南投縣,集集百年樟樹肉圓,傳統肉圓,0,,no
嘉義市,林聰明沙鍋魚頭,沙鍋魚頭,3,林聰明沙鍋魚頭 / 林聰明沙鍋魚頭餐廳,yes
嘉義市,劉里長雞肉飯,雞肉片飯,1,劉里長雞肉飯,yes
嘉義市,源滷肉飯,魯熟肉,1,源滷肉飯(菜鴨魯熟肉),yes
嘉義市,阿宏師火雞肉飯,火雞肉片飯,2,阿宏師火雞肉飯 / 阿宏師火雞肉飯 吳鳳店,yes
嘉義市,王家祖傳本產牛雜湯,牛雜湯,1,王家祖傳牛雜湯,yes
嘉義市,東市場排骨酥,排骨酥,0,,no
嘉義市,阿婆烤玉米,炭烤玉米,0,,no
嘉義市,桃城三代米糕,米糕,0,,no
嘉義市,羅山生炒鱔魚麵,生炒鱔魚麵,1,羅山生炒鱔魚麵,yes
嘉義市,御香屋,,0,,no
嘉義市,宏益水晶餃,,0,,no
嘉義市,黑棟當歸鴨,,1,黑棟當歸鴨（光華總店）,no
嘉義縣,林聰明沙鍋魚頭,沙鍋魚頭,0,,no
嘉義縣,劉里長雞肉飯,火雞肉絲飯,0,,no
嘉義縣,源滷肉飯,魯熟肉,0,,no
嘉義縣,阿宏師火雞肉飯,火雞肉片飯,1,阿宏師火雞肉飯,no
嘉義縣,御香屋,葡萄柚綠茶,0,,no
嘉義縣,王家祖傳本產牛雜湯,牛雜湯,0,,no
嘉義縣,桃城豆花,豆花,0,,no
嘉義縣,竹崎車站前肉圓,肉圓,0,,no
嘉義縣,新港鴨肉羹,鴨肉羹,2,新港巷仔內鴨肉羹 / 新港鴨肉羹,yes
嘉義縣,頂六江家火雞肉飯,火雞肉飯,0,,no
嘉義縣,大林臭豆腐,臭豆腐,0,,no
嘉義縣,民雄肉包,蛋黃肉包,0,,no
基隆市,連珍糕餅店,芋泥球,0,,no
基隆市,基隆長腳麵食,豬腳麵,1,長腳麵食,yes
基隆市,周家蔥油餅,蔥油餅,1,周家蔥油餅,yes
基隆市,孝三大腸圈,大腸圈,1,孝三路大腸圈,yes
基隆市,活力站凍洋,咖哩沙茶牛肉麵,0,,no
基隆市,天天鮮排骨飯,排骨蝦仁飯,1,天天鮮排骨飯,yes
基隆市,鄭記排骨酥麵,排骨酥麵,0,,no
基隆市,金興蔴粩,傳統蔴粩,0,,no
基隆市,鼎記滷肉飯,滷肉飯,0,,no
基隆市,吳記碗粿,碗粿,0,,no
宜蘭縣,羅東林場肉羹,肉羹,1,林場肉羹,yes
宜蘭縣,阿灶伯當歸羊肉湯,羊肉湯,1,阿灶伯當歸羊肉湯,yes
宜蘭縣,頭城阿宗芋冰城,芋頭叭噗,1,阿宗芋冰城,yes
宜蘭縣,蒜味肉羹,蒜味肉羹,1,北門蒜味肉羹,yes
宜蘭縣,礁溪柯氏蔥油餅,蔥油餅,1,柯氏蔥油餅,yes
宜蘭縣,白雲式薩利亞,包子,0,,no
宜蘭縣,正好鮮肉小籠包,小籠包,1,正好鮮肉小籠包,yes
宜蘭縣,小水牛雪花冰,雪花冰,0,,no
宜蘭縣,渡小月擔仔麵,擔仔麵,0,,no
宜蘭縣,義豐蔥油派,蔥油派,1,義豐蔥油派,yes
宜蘭縣,味珍香卜肉店,卜肉,1,味珍香卜肉店,yes
屏東縣,正記黃家肉燥飯,肉燥飯,0,,no
屏東縣,上發肉圓,清蒸肉圓,0,,no
屏東縣,阿婆特製咖哩綜合魚丸,咖哩魚丸,0,,no
屏東縣,哀豔綠豆蒜,綠豆蒜,0,,no
屏東縣,邱家生魚片,厚切生魚片,1,邱家生魚片,yes
屏東縣,輝哥生魚片,生魚片,1,輝哥生魚片,yes
屏東縣,萬巒豬腳大王,萬巒豬腳,3,萬巒豬腳 / 萬巒豬腳大王,yes
屏東縣,東港肉粿,肉粿,0,,no
屏東縣,潮州冷熱冰,冷熱冰,1,正老牌潮州冷熱冰,yes
屏東縣,阿囉哈冰城,古早味冰棒,0,,no
彰化縣,阿璋肉圓,肉圓,1,老担阿璋肉圓,yes
彰化縣,貓鼠麵,貓鼠麵,2,貓鼠麵,yes
彰化縣,不二坊,蛋黃酥,0,,no
彰化縣,北門口肉圓,炸肉圓,2,北門口肉圓 / 北門肉圓,yes
彰化縣,木瓜牛奶大王,木瓜牛奶,0,,no
彰化縣,阿泉控肉飯,控肉飯,0,,no
彰化縣,彰化素食,素食麵,0,,no
彰化縣,玉瓏坊餅店,手工麻糬,0,,no
彰化縣,正彰化肉圓,干貝香菇肉圓,1,彰化肉圓,no
彰化縣,鹿港老龍師肉包,香菇肉包,1,老龍師肉包,yes
彰化縣,阿振肉包,原味肉包,1,阿振肉包,yes
彰化縣,王功雙享蚵嗲,蚵嗲,0,,no
新北市,阿婆鐤邊趖,鐤邊趖,0,,no
新北市,深坑老街豆腐娘,豆腐羹,0,,no
新北市,正宗岡山羊肉,羊肉爐,1,岡山羊肉,no
新北市,黃石市場生炒魷魚,生炒魷魚,0,,no
新北市,深坑大樹下豆腐,紅燒豆腐,0,,no
新北市,金山鴨肉,廟口鴨肉,1,金山鴨肉,yes
新北市,九份阿蘭草仔粿,草仔粿,0,,no
新北市,九份芋仔蕃薯,芋圓,0,,no
新北市,阿柑姨芋圓,芋圓冰,1,九份阿柑姨芋圓,yes
新北市,石碇阿嬤ㄟ芋冰城,芋頭冰淇淋,0,,no
新北市,淡水阿給老店,阿給,0,,no
新北市,淡水許義魚酥,魚酥,0,,no
新北市,瑞芳阿霞龍鳳腿,龍鳳腿,0,,no
新北市,三重朱記花枝羹,花枝羹,1,朱記花枝羹,yes
新北市,板橋王品牛排,牛排,0,,no
新北市,中和圓通路米苔目,米苔目,0,,no
新北市,新莊老順香餅店,鹹光餅,0,,no
新北市,三峽金三峽牛角,金牛角麵包,0,,no
新北市,平溪紅龜麵店,古早麵,0,,no
新北市,烏來景春美食,竹筒飯,0,,no
新竹市,北門炸粿,傳統手工炸芋頭餅與蚵仔嗲,0,,no
新竹市,鴨肉許,鴨肉麵及炒鴨血,2,鴨肉許 / 鴨肉許(中正店),yes
新竹市,中央市場江記扁食,手工扁食與特製辣椒醬,0,,no
新竹市,淵明餅鋪,一口水蒸蛋糕,0,,no
新竹市,竹蓮肉圓,,0,,no
新竹市,廟口鴨香飯,煙燻鴨香飯加半熟蛋,1,廟口鴨香飯,yes
新竹市,長興製餅舖,傳統竹塹餅與白豆沙餅,0,,no
新竹市,西市米粉湯,傳統古早味芋頭米粉湯,0,,no
新竹市,金連滷肉飯,香菇滷肉飯與油豆腐,0,,no
新竹市,林家芋泥球,手工現做炸芋泥球,0,,no
新竹縣,北埔老街麵店,粄條,0,,no
新竹縣,竹東排骨酥麵,排骨酥麵,0,,no
新竹縣,老頭擺客家菜,梅干扣肉,0,,no
新竹縣,內灣戲院人文客家菜館,客家小炒,0,,no
新竹縣,東安橋頭牛肉麵,牛肉麵,0,,no
新竹縣,新埔發哥板條,湯粄條,0,,no
新竹縣,湖口老街豆花,傳統手工豆花,0,,no
新竹縣,義民廟口姜家鴨肉麵,鴨肉麵,0,,no
新竹縣,寶山黑糖饅頭,超大手工黑糖饅頭,0,,no
新竹縣,橫山阿公的芋仔冰,芋頭冰淇淋,0,,no
桃園市,佳樂baking company,波士頓派,0,,no
桃園市,大廟口美濃板條,客家粄條,0,,no
桃園市,老賊壽司,大蝦壽司,1,老賊壽司,no
桃園市,朝顏屋,日式刨冰,1,朝顏屋,no
桃園市,南門金木餅店,蛋黃酥,0,,no
桃園市,桃園春日路肉圓,清蒸肉圓,0,,no
桃園市,桃源仙谷,土雞料理,0,,no
桃園市,明玄豆花,手工豆花,0,,no
桃園市,老袁牛肉麵,川味牛肉麵,1,老袁牛肉麵,no
桃園市,虎頭山香腸,炭烤大腸包小腸,0,,no
澎湖縣,二信飯糰,傳統飯糰,0,,no
澎湖縣,北辰市場土魠魚羹,土魠魚羹,0,,no
澎湖縣,阿豹香腸攤,大腸包小腸與黑輪,1,阿豹香腸,yes
澎湖縣,劉正港檸檬汁,現榨檸檬汁,0,,no
澎湖縣,玉冠嫩仙草,翡翠仙草冰,0,,no
澎湖縣,易家仙人掌冰,仙人掌冰淇淋,0,,no
澎湖縣,郵局口蔥油餅,炸蔥油餅加小黃瓜絲,1,郵局蔥油餅,yes
澎湖縣,香亭魚粥,鮮魚粥,0,,no
澎湖縣,西衛手工麵線,手工日曬麵線,0,,no
澎湖縣,福牡蠣屋,牡蠣飯與海鮮粥,1,福牡蠣屋,no
澎湖縣,清福益記餅店,傳統喜餅與閣家香餅,0,,no
澎湖縣,讚哥麵攤,燒肉飯,0,,no
臺中市,宮原眼科,冰淇淋與鳳梨酥,1,宮原眼科,yes
臺中市,第四信用合作社,特色冰品與豐仁冰,1,第四信用合作社,yes
臺中市,春水堂,珍珠奶茶與功夫麵,4,春水堂,yes
臺中市,黃記鵝肉,煙燻鵝肉與鵝肉冬粉,0,,no
臺中市,茂川肉丸,傳統肉圓,0,,no
臺中市,富狀元豬腳,狀元豬腳飯,0,,no
臺中市,長崎蛋糕,傳統蜂蜜蛋糕,0,,no
臺中市,馨苑小料理,台菜個人套餐,0,,no
臺中市,上海點心,小籠包與鮮肉煎包,0,,no
臺中市,湖南味,牛肉麵與滷菜,2,湖南味,yes
臺中市,沁園春,江浙菜與上海小籠包,1,沁園春,yes
臺中市,阿彰飯擔,排骨飯與雞腿飯,0,,no
臺中市,天天饅頭,炸紅豆饅頭,0,,no
臺中市,盛記白油餅,傳統蔥油餅與酥餅,0,,no
臺中市,陳明統爌肉飯,爌肉飯,0,,no
臺中市,東記牛肉麵,清燉牛肉麵,0,,no
臺中市,幸發亭蜜豆冰,招牌蜜豆冰,0,,no
臺中市,萬家黑白切,古早味切仔麵與黑白切,1,萬家黑白切,no
臺中市,越南法國麵包工藝,越式法國麵包,1,越南法國麵包工藝,no
臺北市,鼎泰豐,小籠包,7,鼎泰豐,yes
臺北市,永康牛肉麵,紅燒牛肉麵,1,永康牛肉麵,yes
臺北市,金峰滷肉飯,滷肉飯,1,金峰魯肉飯 西門總店,yes
臺北市,阿宗麵線,大腸麵線,3,阿宗麵線,yes
臺北市,思慕昔,芒果雪花冰,0,,no
臺北市,賴記雞蛋蚵仔煎,蚵仔煎,0,,no
臺北市,福州世家胡椒餅,胡椒餅,0,,no
臺北市,小王煮瓜,滷肉飯與清湯瓜仔肉,1,小王煮瓜,yes
臺北市,阜杭豆漿,厚燒餅油條與鹹豆漿,1,阜杭豆漿,yes
臺北市,永和豆漿大王,燒餅油條,47,(楊)永和豆漿 / Yon Ho 永和豆漿 / 台北永和豆漿大王 / 大川永和豆漿大王,no
臺北市,天津蔥抓餅,蔥抓餅,2,天津蔥抓餅,yes
臺北市,成真咖啡,舒芙蕾厚鬆餅,1,成真咖啡,no
臺北市,佳德鳳梨酥,鳳梨酥,0,,no
臺北市,臺一牛乳大王,紅豆芋頭牛奶冰,0,,no
臺北市,龍記搶鍋麵,搶鍋麵,0,,no
臺北市,姜太太麵食,手工水餃,0,,no
臺北市,興記菜館,港式臘味煲仔飯,0,,no
臺北市,明月湯包,小籠湯包,2,明月湯包,yes
臺北市,雙連圓仔湯,燒麻糬,0,,no
臺北市,天天利美食坊,半熟蛋滷肉飯,1,天天利美食坊,yes
臺北市,老張牛肉麵,川味牛肉麵,4,老張牛肉麵,no
臺北市,林東芳牛肉麵,牛肉麵配特製牛油,1,林東芳牛肉麵,yes
臺北市,廖家牛肉麵,清燉牛肉麵,4,廖家牛肉麵,no
臺北市,劉媽媽飯糰,傳統手工飯糰,1,劉媽媽飯糰,yes
臺北市,藍家割包,割包,1,藍家割包,yes
臺北市,御園坊,手工水餃與港式點心,0,,no
臺北市,犁記餅店,綠豆椪,0,,no
臺北市,常夜燈,日式拉麵,1,常夜燈,no
臺北市,無名臺式早餐店,蛋餅,1,無名早餐店,no
臺北市,東一排骨,排骨飯,1,東一排骨台北總店,yes
臺南市,文章牛肉湯,牛肉湯,2,文章牛肉湯,yes
臺南市,阿裕牛肉涮涮鍋,現切溫體牛肉鍋,0,,no
臺南市,六千綜合牛肉湯,極早開賣的鮮甜牛肉湯,1,六千牛肉湯,yes
臺南市,石精臼牛肉湯,牛肉湯,1,石精臼牛肉湯,yes
臺南市,度小月擔仔麵,擔仔麵,3,度小月擔仔麵,yes
臺南市,阿霞飯店,紅蟳米糕,1,阿霞飯店,yes
臺南市,阿堂鹹粥,虱目魚肚粥,1,阿堂鹹粥,yes
臺南市,再發號肉粽,特製大肉粽,1,再發號百年肉粽,yes
臺南市,福記肉圓,清蒸肉圓,1,福記肉圓,yes
臺南市,永記虱目魚丸,綜合丸湯,0,,no
臺南市,富盛號碗粿,碗粿,2,富盛號碗粿,yes
臺南市,修安扁擔豆花,,0,,no
臺南市,莉莉水果店,水果盤與冰品,0,,no
臺南市,同記安平豆花,傳統豆花,2,安平豆花,yes
臺南市,蜷尾家甘味處,散步霜淇淋,0,,no
臺南市,雙全紅茶,傳統古早味紅茶,0,,no
臺南市,義豐冬瓜茶,冬瓜茶,1,義豐阿川冬瓜茶,yes
臺南市,克林台包,品項豐富的中式包子,0,,no
臺南市,江水號,傳統冰品與芋頭湯,1,江水號,yes
臺南市,阿漆鮝羹,土魠魚羹,0,,no
臺南市,進福炒鱔魚專家,鱔魚意麵,1,進福炒鱔魚專家,yes
臺南市,阿江炒鱔魚,大火快炒鱔魚意麵,1,阿江炒鱔魚,yes
臺南市,保安路米糕,台南米糕,0,,no
臺南市,鄭記蔥肉餅,手工蔥肉餅,0,,no
臺南市,阿文米糕,肉燥米糕,0,,no
臺南市,落成米糕,傳統米糕,1,落成米糕,yes
臺南市,悅津鹹粥,24小時營業鹹粥,1,悅津鹹粥,yes
臺南市,永樂燒肉飯,炭烤燒肉飯,2,永樂燒肉飯,yes
臺南市,阿財點心,傳統香腸熟肉,1,阿財(詹)點心,yes
臺南市,集品蝦仁飯,蝦仁飯,1,集品蝦仁飯,yes
臺東縣,藍蜻蜓速食專賣店,炸雞餐,1,藍蜻蜓速食專賣店,yes
臺東縣,黃記蔥油餅,雙蛋蔥油餅,2,黃記蔥油餅 / 黃記蔥油餅_仁和店,yes
臺東縣,林家臭豆腐,臭豆腐,1,台東林家臭豆腐,yes
臺東縣,寶桑湯圓,綜合湯圓,0,,no
臺東縣,老東台米苔目,米苔目,1,老東台米苔目,yes
臺東縣,東河包子,肉包,2,東河包子,yes
臺東縣,客來吃樂,綠豆蒜,1,客來吃樂,no
臺東縣,津芳冰城,鹹冰棒,1,津芳冰城,yes
臺東縣,米巴奈山地美食,阿粨,1,米巴奈山地美食坊,yes
臺東縣,蕃茄牛肉麵,蕃茄牛肉麵,0,,no
花蓮縣,公正包子,小籠包,2,公正包子店 / 公正街包子店,yes
花蓮縣,周家蒸餃,蒸餃,1,周家蒸餃,yes
花蓮縣,炸彈蔥油餅,炸彈蔥油餅,2,炸彈蔥油餅,yes
花蓮縣,戴記扁食,扁食湯,2,戴記扁食,yes
花蓮縣,液香扁食,扁食,1,液香扁食店,yes
花蓮縣,黎明紅茶,紅茶與西點,0,,no
花蓮縣,廟口紅茶,杏仁茶與台式馬卡龍,1,廟口紅茶,yes
花蓮縣,豐春冰菓店,甘蔗冰,1,豐春冰菓店,yes
花蓮縣,玉里橋頭臭豆腐,臭豆腐,3,玉里橋頭臭豆腐 / 玉里臭豆腐,yes
花蓮縣,花蓮香扁食,鮮蝦扁食,2,花蓮香扁食 / 花蓮香扁食抄手,yes
花蓮縣,吉安慶修院冰品,手工冰品,0,,no
花蓮縣,海埔蚵仔煎,蚵仔煎,1,海埔蚵仔煎,yes
苗栗縣,賴新魁飯店,粄條,0,,no
苗栗縣,金榜麵館,牛肉粄條,1,金榜麵館,no
苗栗縣,江記永安喜餅,大餅,0,,no
苗栗縣,一口香餅店,肚臍餅,0,,no
苗栗縣,老頭擺客家菜,客家小炒,0,,no
苗栗縣,秀菊小吃坊,薑絲大腸,1,秀菊小吃坊,no
苗栗縣,福樂麵店,檸檬透抽,0,,no
苗栗縣,雙峰草堂,銅鑼燒,1,雙峰草堂,no
苗栗縣,潭軒,手工包子,0,,no
苗栗縣,苗栗阿蘭姐水晶餃,水晶餃,0,,no
苗栗縣,英才小吃,牛肉麵,0,,no
苗栗縣,三角仔麵,乾麵,0,,no
連江縣,鼎邊棧,蟲弟餅,0,,no
連江縣,阿妹的店面,鼎邊糊,1,阿妹的店,yes
連江縣,津沙村長家,紅糟炒飯,0,,no
連江縣,儷賓餐廳,老酒黃魚麵,0,,no
連江縣,萬家香,燕餃湯,0,,no
連江縣,寶利軒,繼光餅,0,,no
連江縣,卡蹓馬祖,淡菜料理,0,,no
連江縣,林義和工坊,馬祖酥,0,,no
連江縣,依嬤的店,風味套餐,1,依嬤的店,yes
連江縣,超群西點烘焙,馬祖酥與芙蓉餅,0,,no
連江縣,介壽坊餅店,馬祖餅,0,,no
金門縣,壽記粥糜,廣東粥,0,,no
金門縣,永春廣東粥,廣東粥配油條,1,永春廣東粥,yes
金門縣,模範街淳新商號,高粱奶茶,0,,no
金門縣,良金牧場,現燙溫體牛肉麵,1,良金牧場 (工廠總店-附設酒糟牛肉麵特色餐廳),yes
金門縣,談天樓,酒釀湯圓,1,談天樓,no
金門縣,老屋子麵館,海蚵煎餅,0,,no
金門縣,金拌麵,拌麵,0,,no
金門縣,集成餐廳,鹹粿炸,0,,no
金門縣,長榮山西拌麵,山西拌麵,0,,no
金門縣,喜相逢燒餅,燒餅,0,,no
金門縣,科記餅舖,燒餅,0,,no
金門縣,金佳燒餅,甜餅與鹹餅,0,,no
雲林縣,北港阿豐麵線糊,麵線糊搭配滷腸與鵪鶉蛋,0,,no
雲林縣,北港煎盤粿,現煎米粿淋上特製米醬與滷腸,0,,no
雲林縣,廟邊土魠魚羹,酥炸土魠魚塊與鮮甜羹湯,0,,no
雲林縣,西螺三角大水餃,外皮Q彈內餡扎實的大顆水晶餃,0,,no
雲林縣,黃記皇袍醬鴨,獨門中藥滷汁入味的煙燻醬鴨,0,,no
雲林縣,虎尾碳烤鴨蛋糕,炭火現烤香氣濃郁的古早味雞蛋糕,0,,no
雲林縣,斗六鄧肉圓,低溫油泡至Q軟的傳統肉圓與特製醬料,0,,no
雲林縣,正斗六魷魚嘴羹,帶有獨特口感的魷魚嘴羹湯,0,,no
雲林縣,吳記肉圓,外皮酥脆內餡飽滿的炸肉圓,1,吳記肉圓,no
雲林縣,源順餅鋪,百年傳承的傳統大餅與喜餅,0,,no
高雄市,興隆居,湯包與燒餅,0,,no
高雄市,寬來順早餐店,眷村味包子與蛋餅,1,寬來順,yes
高雄市,港園牛肉麵館,牛肉拌麵,1,港園牛肉麵,yes
高雄市,鹽埕王家刀工麵,豬舌冬粉與手工麵,0,,no
高雄市,老牌周燒肉飯,炭香燒肉飯,5,周燒肉飯 / 周燒肉飯建工店 / 老周燒肉飯 / 老牌周燒肉飯,yes
高雄市,郭家肉粽,傳統南部粽與四神湯,1,郭家肉粽,yes
高雄市,北港蔡三代筒仔米糕,筒仔米糕與排骨酥湯,0,,no
高雄市,鴨肉珍,鴨肉飯與下水湯,2,鴨肉珍 / 鴨肉珍 (總店),yes
高雄市,老店柏弘肉燥飯,肉燥飯與燙青菜,0,,no
高雄市,宏美冰果店,傳統四神冰與木瓜牛奶,1,宏美冰果店,no
高雄市,鹽埕吳家金桔豆花,金桔豆花,1,吳家金桔豆花,no
高雄市,永和小籠包,現包現蒸小籠包,1,永和小籠湯包,no
高雄市,新址老江紅茶牛奶,紅茶牛奶與蛋餅,0,,no
高雄市,方師傅點心坊,羅宋麵包,0,,no
高雄市,不二緻果,芋頭蛋糕,0,,no
高雄市,正牌白糖粿,傳統白糖粿與炸蕃薯,0,,no
高雄市,黑輪美,炭烤黑輪片,0,,no
高雄市,品元糖口,雪花冰與手工布丁,1,品元糖口,no
高雄市,正忠排骨飯,排骨飯,6,正忠排骨飯 / 正忠排骨飯富國店 / 正忠排骨飯正忠店,yes
高雄市,沙仔地蚵嗲,現炸蚵嗲,0,,no
