id,county,name,local,label
wikidata:Q11064895,南投縣,廬山溫泉,0.907,minor
wikidata:Q30941109,南投縣,埔里恒吉宮,0.872,local_favorite
wikidata:Q17036031,南投縣,藍田書院,0.853,minor
Attraction_A15010600H_000095,南投縣,三育基督學院,0.838,minor
Attraction_A15010600H_000015,南投縣,明潭發電廠,0.833,minor
wikidata:Q17035607,南投縣,集集廣盛宮,0.812,minor
Attraction_A15010600H_000014,南投縣,玄光寺,0.811,tourist_spot
wikidata:Q28414833,南投縣,竹山連興宮,0.806,minor
Attraction_A13020000G_000133,南投縣,南投：臺灣菸酒(股)公司埔里觀光酒廠,0.802,local_favorite
Attraction_A15010600H_000025,南投縣,大觀發電廠,0.802,minor
Attraction_A15010600H_000055,南投縣,埔里酒廠,0.802,local_favorite
wikidata:Q87421909,南投縣,草屯陳府將軍廟,0.797,minor
wikidata:Q101218186,南投縣,樟普寮鳳山寺,0.786,minor
Attraction_A15010600H_000066,南投縣,龍鳳宮,0.775,local_favorite
Attraction_A15010600H_000068,南投縣,武昌宮,0.766,local_favorite
Attraction_376480000A_000322,南投縣,東埔溫泉,0.763,local_favorite
Attraction_A13020000G_000150,南投縣,南投：臺灣菸酒(股)公司南投觀光酒廠,0.762,minor
wikidata:Q136673217,南投縣,日月潭明月宮月老廟,0.76,minor
wikidata:Q11172721,南投縣,鯉魚潭,0.756,local_favorite
wikidata:Q11073981,南投縣,慈善宮,0.752,minor
Attraction_A15010600H_000041,南投縣,醒靈寺,0.748,minor
wikidata:Q123929864,南投縣,虎山防空洞,0.745,minor
wikidata:Q97350418,南投縣,草屯惠德宮,0.737,minor
wikidata:Q56095025,南投縣,埔里瀛海城隍廟,0.731,minor
wikidata:Q15911414,南投縣,能高瀑布,0.723,local_favorite
wikidata:Q95090846,南投縣,九二一震災紀念斜塔,0.72,tourist_spot
Attraction_A15010700H_000088,南投縣,受天宮,0.718,local_favorite
wikidata:Q123965266,南投縣,沙東宮,0.717,minor
Attraction_A15010600H_000109,南投縣,大眾爺祠(大樟樹),0.711,minor
wikidata:Q110223418,南投縣,草屯慈德宮,0.711,minor
Attraction_376600000A_000031,嘉義市,中央噴水池,0.856,local_favorite
Attraction_376600000A_000008,嘉義市,九華山地藏庵,0.833,minor
wikidata:Q18652185,嘉義市,嘉義雙忠廟,0.808,minor
wikidata:Q37093841,嘉義市,忠義十九公廟,0.802,minor
Attraction_376600000A_000034,嘉義市,嘉義市政府文化局,0.789,minor
wikidata:Q104720499,嘉義市,嘉邑玉皇宮,0.773,minor
wikidata:Q109350399,嘉義市,嘉義天后宮,0.763,minor
wikidata:Q28061047,嘉義市,嘉義慈濟宮,0.763,minor
wikidata:Q126946046,嘉義市,彌陀禪寺,0.735,minor
wikidata:Q49585337,嘉義市,嘉邑鎮天宮,0.735,minor
Attraction_376600000A_000012,嘉義市,紅毛井,0.725,minor
wikidata:Q104815059,嘉義市,水上苦竹寺,0.719,minor
Attraction_376600000A_000055,嘉義市,二二八紀念碑,0.717,minor
Attraction_376600000A_000051,嘉義市,嘉義市史蹟資料館,0.716,minor
Attraction_376600000A_000071,嘉義市,嘉義市東公有零售市場,0.716,local_favorite
wikidata:Q97351265,嘉義市,坪頂三水宮,0.713,minor
wikidata:Q28410148,嘉義市,福社宮,0.708,minor
Attraction_376600000A_000001,嘉義市,福康安紀功碑,0.703,minor
Attraction_376600000A_000045,嘉義市,北香湖公園,0.7,local_favorite
wikidata:Q10924088,嘉義市,嘉義孔子廟,0.686,minor
Attraction_376600000A_000064,嘉義市,嘉義市立美術館,0.682,tourist_spot
wikidata:Q62608792,嘉義市,朱子公廟,0.681,minor
Attraction_376600000A_000019,嘉義市,嘉義市立博物館,0.676,tourist_spot
Attraction_376600000A_000052,嘉義市,嘉義仁武宮,0.671,minor
wikidata:Q104760969,嘉義市,北社尾保安宮,0.671,minor
wikidata:Q127423794,嘉義市,綠映水漾公園,0.671,minor
Attraction_376600000A_000053,嘉義市,國定古蹟嘉義城隍廟,0.662,local_favorite
wikidata:Q104708273,嘉義市,嘉邑大天宮,0.656,minor
Attraction_376600000A_000013,嘉義市,八獎溪義渡,0.652,minor
Attraction_376600000A_000025,嘉義市,嘉義公園,0.648,local_favorite
Attraction_345040000G_000012,嘉義縣,阿里山國家森林遊樂區,0.974,tourist_spot
wikidata:Q15913178,嘉義縣,溪北六興宮,0.944,minor
wikidata:Q28414902,嘉義縣,糖廠配天宮,0.922,minor
Attraction_A15010800H_000096,嘉義縣,半天岩紫雲寺,0.918,local_favorite
wikidata:Q21041571,嘉義縣,梅山玉虛宮,0.912,minor
wikidata:Q29369902,嘉義縣,七主宮,0.912,minor
wikidata:Q24833085,嘉義縣,東石福靈宮,0.906,minor
Attraction_A15011100H_000247,嘉義縣,東石先天宮,0.905,local_favorite
wikidata:Q38242343,嘉義縣,保安宮騎虎王廟,0.905,minor
Attraction_A25000000E_000056,嘉義縣,培桂堂——林開泰診療所舊宅,0.894,minor
wikidata:Q21041683,嘉義縣,過溝建德宮,0.894,minor
Attraction_A15010800H_000140,嘉義縣,龍宮瀑布,0.892,minor
wikidata:Q11103898,嘉義縣,東石富安宮,0.886,minor
Attraction_A15010800H_000111,嘉義縣,新八景之慈雲寺觀景,0.873,minor
Attraction_A15011100H_000042,嘉義縣,貞愛親王殿下登陸紀念碑,0.868,minor
wikidata:Q11103905,嘉義縣,東石漁港,0.868,local_favorite
wikidata:Q11094999,嘉義縣,朴子鎮安宮,0.856,minor
wikidata:Q63105650,嘉義縣,文昌國小文昌祠,0.855,minor
wikidata:Q121026415,嘉義縣,林維朝故居,0.853,minor
wikidata:Q15914598,嘉義縣,青雲瀑布,0.832,minor
Attraction_345040000G_030025,嘉義縣,觸口自然教育中心,0.755,minor
wikidata:Q32058400,嘉義縣,梅山公園,0.745,local_favorite
Attraction_A15011100H_000036,嘉義縣,鰲鼓濕地,0.735,local_favorite
wikidata:Q55887625,嘉義縣,阿里山博物館,0.728,minor
Attraction_A15011100H_000035,嘉義縣,東石漁人碼頭,0.722,local_favorite
Attraction_A15010800H_000232,嘉義縣,蛟龍瀑布,0.605,local_favorite
Attraction_A25000000E_000095,嘉義縣,優遊吧斯阿里山鄒族文化部落,0.586,local_favorite
wikidata:Q11083241,嘉義縣,新港奉天宮,0.544,local_favorite
Attraction_345040000G_020020,嘉義縣,鰲鼓濕地森林園區,0.538,local_favorite
Attraction_A15010800H_000135,嘉義縣,觀音瀑布風景區,0.538,local_favorite
Attraction_376570000A_000059,基隆市,和平島地質公園,0.943,local_favorite
Attraction_376570000A_000425,基隆市,和平島天顯宮,0.943,minor
Attraction_A15011000H_000155,基隆市,和平島地質公園,0.943,local_favorite
Attraction_376570000A_000410,基隆市,清法戰爭紀念園區,0.896,minor
Attraction_376570000A_000056,基隆市,基隆塔,0.849,tourist_spot
Attraction_376570000A_000448,基隆市,慶安宮,0.849,local_favorite
Attraction_376570000A_001201,基隆市,月眉山靈泉禪寺,0.849,minor
wikidata:Q15920994,基隆市,老大公廟,0.827,local_favorite
wikidata:Q29426509,基隆市,淨因寺,0.817,minor
Attraction_376570000A_000412,基隆市,社寮東砲台,0.812,local_favorite
Attraction_376570000A_000441,基隆市,奠濟宮,0.793,tourist_spot
wikidata:Q69611717,基隆市,基隆慈雲寺,0.79,minor
wikidata:Q30949742,基隆市,基隆聖安宮,0.785,minor
Attraction_376570000A_000405,基隆市,要塞司令部,0.768,local_favorite
Attraction_376570000A_000575,基隆市,基隆燈塔,0.763,minor
Attraction_376570000A_000055,基隆市,阿根納造船廠,0.751,tourist_spot
Attraction_376570000A_000435,基隆市,海洋廣場,0.751,local_favorite
Attraction_376570000A_000709,基隆市,外木山漁港,0.738,local_favorite
wikidata:Q96742225,基隆市,和平島天后宮,0.738,minor
Attraction_376570000A_000504,基隆市,大武崙沙灘,0.731,local_favorite
Attraction_376570000A_000402,基隆市,漁會正濱大樓,0.728,tourist_spot
Attraction_376570000A_001224,基隆市,情人湖公園,0.716,local_favorite
Attraction_A15011000H_000151,基隆市,情人湖公園,0.716,local_favorite
wikidata:Q56486903,基隆市,百福中埔福德宮,0.716,minor
wikidata:Q10566803,基隆市,高砂公園,0.712,minor
Attraction_376570000A_000524,基隆市,球子山燈塔,0.709,minor
wikidata:Q18572584,基隆市,法王寺,0.701,minor
wikidata:Q137384758,基隆市,碇內公園,0.698,minor
Attraction_376570000A_000545,基隆市,佛手洞,0.694,local_favorite
Attraction_376570000A_000574,基隆市,暖暖安德宮,0.694,minor
Attraction_A15011300H_010085,宜蘭縣,蘇澳港,0.908,minor
Attraction_376420000A_000090,宜蘭縣,礁溪溫泉廣場,0.899,local_favorite
Attraction_376420000A_000091,宜蘭縣,礁溪溫泉地景廣場,0.899,local_favorite
Attraction_376420000A_000416,宜蘭縣,昭應宮,0.891,local_favorite
Attraction_376420000A_000006,宜蘭縣,南方澳進安宮(寶石珊瑚媽祖),0.879,local_favorite
wikidata:Q10898390,宜蘭縣,利澤簡永安宮,0.87,minor
Attraction_376420000A_000094,宜蘭縣,礁溪協天廟,0.859,local_favorite
wikidata:Q15917502,宜蘭縣,翠峰湖,0.856,local_favorite
Attraction_376420000A_000430,宜蘭縣,二結王公廟,0.854,local_favorite
wikidata:Q10925246,宜蘭縣,四結福德廟,0.844,minor
wikidata:Q10941333,宜蘭縣,太平山國家森林遊樂區,0.826,tourist_spot
Attraction_376420000A_000104,宜蘭縣,龍潭湖風景區,0.812,local_favorite
Attraction_A15011300H_010058,宜蘭縣,大里天公廟(草嶺慶雲宮),0.803,local_favorite
wikidata:Q17039810,宜蘭縣,碧霞宮,0.797,minor
Attraction_376420000A_000432,宜蘭縣,道教總廟三清宮,0.796,local_favorite
wikidata:Q38268396,宜蘭縣,五間紫雲寺,0.793,minor
wikidata:Q38888281,宜蘭縣,大福補天宮,0.785,local_favorite
wikidata:Q11675201,宜蘭縣,鳩之澤溫泉,0.779,local_favorite
wikidata:Q51024036,宜蘭縣,宜蘭孔子廟,0.776,minor
wikidata:Q38982271,宜蘭縣,宜蘭五穀廟,0.77,minor
wikidata:Q15940965,宜蘭縣,頭城慶元宮,0.759,minor
Attraction_376420000A_000007,宜蘭縣,蘇澳晉安宮(張公廟),0.758,minor
wikidata:Q15934489,宜蘭縣,利澤簡廣惠宮,0.755,minor
wikidata:Q122940138,宜蘭縣,宜蘭東嶽廟,0.752,minor
wikidata:Q22569319,宜蘭縣,羅東城隍廟,0.749,local_favorite
Attraction_A15011300H_010063,宜蘭縣,大溪漁港,0.745,local_favorite
wikidata:Q31626442,宜蘭縣,蘭陽冬瓜山進興宮,0.742,minor
wikidata:Q56018136,宜蘭縣,羅東震安宮,0.73,minor
Attraction_376420000A_000247,宜蘭縣,羅東運動公園,0.727,local_favorite
Attraction_376420000A_000074,宜蘭縣,武暖石板橋,0.724,minor
Attraction_376530000A_000022,屏東縣,屏東公園共融遊戲場,0.897,minor
Attraction_A15010400H_000489,屏東縣,三隆宮,0.891,minor
wikidata:Q17033317,屏東縣,萬丹萬惠宮,0.89,minor
Attraction_376530000A_000023,屏東縣,慈鳳宮,0.886,local_favorite
wikidata:Q18110691,屏東縣,六堆天后宮,0.875,minor
Attraction_376530000A_000002,屏東縣,屏東縣民公園,0.868,local_favorite
wikidata:Q10344407,屏東縣,東港鎮海宮,0.868,minor
Attraction_A15010400H_000471,屏東縣,牡丹水庫,0.835,minor
wikidata:Q28061062,屏東縣,林邊放索普龍殿,0.817,minor
wikidata:Q11087672,屏東縣,昌黎祠,0.81,minor
wikidata:Q20064183,屏東縣,里港雙慈宮,0.809,minor
wikidata:Q24836615,屏東縣,萬丹萬泉寺,0.807,minor
wikidata:Q24831763,屏東縣,加匏朗仙姑廟,0.799,minor
wikidata:Q28413495,屏東縣,海豐三山國王廟,0.789,minor
Attraction_A15010400H_000504,屏東縣,海上教堂,0.788,local_favorite
wikidata:Q28061027,屏東縣,老埤老祖祠,0.786,minor
wikidata:Q28060995,屏東縣,警察廟,0.777,minor
wikidata:Q11103783,屏東縣,東港鹽埔漁港,0.767,local_favorite
wikidata:Q28416988,屏東縣,六根庄三山國王廟,0.765,minor
wikidata:Q24840547,屏東縣,忠英祠,0.763,minor
wikidata:Q28061056,屏東縣,大路關恩公廟,0.761,minor
Attraction_A15010400H_000441,屏東縣,鵬灣跨海大橋,0.759,local_favorite
wikidata:Q11103749,屏東縣,東港東福殿城隍廟,0.758,minor
wikidata:Q24833202,屏東縣,開基大清府嘉蓮宮,0.754,minor
wikidata:Q135438607,屏東縣,中國信託公益園區,0.745,minor
wikidata:Q28060991,屏東縣,白志廟,0.731,minor
wikidata:Q17033476,屏東縣,潮州三山國王廟,0.723,minor
Attraction_376530000A_000026,屏東縣,九如三山國王廟,0.716,minor
Attraction_A15010400H_000704,屏東縣,王船文化館,0.716,minor
wikidata:Q28408634,屏東縣,百八番烏龍大聖公媽廟,0.716,minor
Attraction_376470000A_000127,彰化縣,1895八卦山抗日保台史蹟館,0.958,minor
Attraction_376470000A_000129,彰化縣,彰化城與八卦山砲台,0.958,local_favorite
Attraction_376470000A_000559,彰化縣,八卦山自然生態園區,0.958,minor
Attraction_376470000A_000563,彰化縣,八卦山天空遊戲場,0.958,local_favorite
Attraction_A15010700H_000083,彰化縣,八卦山脈生態遊客中心暨灰面鵟鷹主題館,0.958,minor
wikidata:Q17498805,彰化縣,埤頭合興宮,0.93,minor
Attraction_376470000A_000018,彰化縣,溪湖糖廠,0.899,local_favorite
Attraction_376470000A_000412,彰化縣,成美文化園,0.873,local_favorite
Attraction_376470000A_000096,彰化縣,二林仁和宮,0.868,minor
wikidata:Q15944345,彰化縣,登瀛書院,0.866,minor
Attraction_376470000A_000105,彰化縣,員林興賢書院,0.861,minor
Attraction_376470000A_000082,彰化縣,定光佛廟,0.859,minor
Attraction_376470000A_000399,彰化縣,白沙坑文德宮,0.851,minor
wikidata:Q42787743,彰化縣,慈悲寺淑女祠,0.846,minor
Attraction_A15010700H_000081,彰化縣,八堡圳公園,0.844,minor
Attraction_376470000A_000156,彰化縣,新祖宮,0.84,minor
wikidata:Q28846126,彰化縣,竹塘慈航宮,0.839,minor
Attraction_376470000A_000454,彰化縣,九龍大榕公,0.829,minor
Attraction_376470000A_000196,彰化縣,社頭清水岩寺,0.828,local_favorite
wikidata:Q53627934,彰化縣,鹿港玉渠宮,0.828,minor
Attraction_376470000A_000093,彰化縣,鹿港地藏王廟,0.827,minor
wikidata:Q51907148,彰化縣,芳苑白馬峰普天宮,0.826,local_favorite
wikidata:Q65046778,彰化縣,月眉厝龍德廟,0.823,minor
Attraction_376470000A_000286,彰化縣,林先生廟,0.822,minor
wikidata:Q30949080,彰化縣,二水安德宮,0.822,minor
Attraction_376470000A_000145,彰化縣,北斗奠安宮,0.82,minor
wikidata:Q136460804,彰化縣,番婆防空塔,0.818,minor
Attraction_376470000A_000625,彰化縣,蛤蜊兵營,0.814,minor
wikidata:Q15920685,彰化縣,溪湖霖肇宮,0.81,minor
wikidata:Q112202432,彰化縣,埔心二重湳黃義故居,0.803,minor
Attraction_382000000A_109685,新北市,新莊慈祐宮,0.933,minor
Attraction_382000000A_403765,新北市,國家檔案館,0.929,minor
Attraction_382000000A_109896,新北市,竹林山觀音寺,0.925,local_favorite
Attraction_382000000A_109732,新北市,板橋慈惠宮,0.908,minor
Attraction_382000000A_403559,新北市,鶯歌永吉公園,0.885,minor
Attraction_382000000A_110844,新北市,烏來空中纜車,0.88,tourist_spot
Attraction_382000000A_110877,新北市,蘆洲李宅古蹟-李友邦將軍紀念館,0.878,local_favorite
Attraction_382000000A_403483,新北市,湧蓮寺,0.876,minor
Attraction_382000000A_110192,新北市,保福宮,0.873,minor
Attraction_382000000A_110354,新北市,義塚大墓公,0.873,minor
Attraction_382000000A_110657,新北市,無極真元天壇(天元宮),0.867,tourist_spot
wikidata:Q10892508,新北市,八里開臺天后宮,0.867,minor
Attraction_382000000A_109625,新北市,烘爐地南山福德宮,0.866,local_favorite
Attraction_382000000A_110102,新北市,花園新城,0.866,minor
wikidata:Q11139948,新北市,沙崙海水浴場,0.866,local_favorite
wikidata:Q16928819,新北市,三芝福成宮,0.866,minor
Attraction_382000000A_110198,新北市,圓通禪寺(圓通寺),0.861,local_favorite
Attraction_382000000A_109677,新北市,鄞山寺,0.857,minor
Attraction_382000000A_109981,新北市,基隆山,0.857,local_favorite
Attraction_382000000A_110227,新北市,八二三紀念公園(中和公園),0.857,minor
Attraction_382000000A_110964,新北市,龜吼漁港,0.856,local_favorite
Attraction_A15011000H_000268,新北市,龜吼漁港,0.856,local_favorite
Attraction_382000000A_110923,新北市,水湳洞十三層遺址,0.852,tourist_spot
Attraction_382000000A_109985,新北市,勸濟堂,0.846,local_favorite
wikidata:Q16926466,新北市,三峽行修宮,0.846,minor
Attraction_382000000A_110106,新北市,虎字碑,0.845,local_favorite
Attraction_382000000A_109712,新北市,接雲寺,0.84,minor
Attraction_382000000A_109683,新北市,文昌祠,0.839,minor
Attraction_382000000A_109684,新北市,新莊廣福宮,0.839,minor
wikidata:Q9384099,新北市,中和廣濟宮,0.839,minor
Attraction_376580000A_000022,新竹市,長和宮,0.884,minor
Attraction_376580000A_000029,新竹市,迎曦門(東門城),0.858,tourist_spot
Attraction_376580000A_000052,新竹市,十八尖山,0.844,local_favorite
wikidata:Q21041682,新竹市,辛志平校長故居,0.83,local_favorite
Attraction_376580000A_000020,新竹市,新竹公園,0.797,local_favorite
wikidata:Q11084085,新竹市,新竹關帝廟,0.78,minor
wikidata:Q28413925,新竹市,新竹內天后宮,0.78,minor
Attraction_376580000A_000014,新竹市,新竹州圖書館,0.776,minor
Attraction_376580000A_000058,新竹市,青草湖,0.776,minor
wikidata:Q29478565,新竹市,靈隱寺,0.776,minor
wikidata:Q11084081,新竹市,新竹金山寺,0.765,minor
Attraction_376580000A_000024,新竹市,新竹孔廟,0.762,minor
wikidata:Q11084080,新竹市,新竹鄭氏家廟,0.751,minor
wikidata:Q17164638,新竹市,新竹市美術館,0.729,minor
wikidata:Q28413347,新竹市,天宏宮,0.729,minor
wikidata:Q105430356,新竹市,李克承博士故居,0.726,minor
wikidata:Q124732032,新竹市,新竹普天宮,0.722,minor
Attraction_376580000A_000026,新竹市,新竹市政府(新竹州廳),0.711,tourist_spot
Attraction_376580000A_000028,新竹市,湖畔料亭,0.697,local_favorite
wikidata:Q11084028,新竹市,新竹東寧宮,0.686,minor
wikidata:Q101251139,新竹市,成功湖,0.679,minor
wikidata:Q56192454,新竹市,塹港富美宮,0.672,minor
wikidata:Q15905104,新竹市,清大夜市,0.665,local_favorite
wikidata:Q28413591,新竹市,南勢青南宮,0.654,minor
wikidata:Q81726956,新竹市,護城河親水公園,0.651,local_favorite
wikidata:Q44247910,新竹市,南壇大眾廟,0.636,minor
wikidata:Q130271185,新竹市,古奇峰育樂園,0.629,minor
Attraction_376580000A_000003,新竹市,新竹水道取水口展示館,0.626,minor
wikidata:Q86726895,新竹市,樹林頭境福宮,0.62,minor
wikidata:Q28061018,新竹市,光明福德宮,0.611,minor
Attraction_376440000A_000116,新竹縣,新埔褒忠亭義民廟,0.983,local_favorite
Attraction_376440000A_000189,新竹縣,司馬庫斯,0.981,local_favorite
Attraction_376440000A_000544,新竹縣,湖口服務區-北站,0.957,minor
Attraction_376440000A_000317,新竹縣,寶山第二水庫,0.954,local_favorite
Attraction_376440000A_000309,新竹縣,姜阿新洋樓,0.951,local_favorite
Attraction_A25000000E_000028,新竹縣,姜阿新洋樓,0.951,local_favorite
Attraction_376440000A_000474,新竹縣,金廣福公館,0.937,local_favorite
Attraction_376440000A_000152,新竹縣,竹北天后宮,0.935,minor
Attraction_376440000A_000350,新竹縣,竹北蓮華寺,0.934,minor
Attraction_376440000A_000354,新竹縣,竹北采田福地,0.934,minor
Attraction_376440000A_000230,新竹縣,峨眉湖遊艇碼頭,0.933,local_favorite
Attraction_376440000A_000604,新竹縣,參山多元路線_獅頭山、峨眉湖(竹縣段),0.933,local_favorite
Attraction_A15010700H_000006,新竹縣,峨眉湖,0.933,local_favorite
Attraction_376440000A_000108,新竹縣,關西太和宮,0.932,minor
Attraction_376440000A_000128,新竹縣,關西東安古橋,0.931,local_favorite
Attraction_376440000A_000239,新竹縣,獅頭山,0.93,local_favorite
Attraction_376440000A_000104,新竹縣,芎林文林閣,0.929,minor
Attraction_A15010700H_000013,新竹縣,五指山風景區,0.929,local_favorite
wikidata:Q29053344,新竹縣,十三伯公福佑宮,0.927,minor
wikidata:Q55593497,新竹縣,金山集福宮,0.925,minor
Attraction_376440000A_000013,新竹縣,潮音禪寺,0.923,minor
Attraction_376440000A_000303,新竹縣,新埔劉家祠,0.923,minor
Attraction_376440000A_000114,新竹縣,新埔廣和宮,0.921,minor
Attraction_376440000A_000304,新竹縣,新埔潘屋,0.92,local_favorite
Attraction_376440000A_000017,新竹縣,新瓦屋客家文化保存區,0.917,minor
Attraction_376440000A_000490,新竹縣,新豐池和宮,0.917,minor
wikidata:Q123509794,新竹縣,范朝燈故居,0.916,minor
Attraction_376440000A_000480,新竹縣,樂善堂,0.914,minor
Attraction_376440000A_000201,新竹縣,老湖口天主堂文化館,0.913,minor
Attraction_376440000A_000117,新竹縣,蓮華山三聖宮,0.911,minor
Attraction_376430000A_000993,桃園市,中壢仁海宮,0.922,minor
wikidata:Q4454889,桃園市,蘆竹五福宮,0.92,minor
Attraction_376430000A_001372,桃園市,桃園慈護宮,0.909,minor
wikidata:Q15914691,桃園市,草漯保障宮,0.892,minor
Attraction_376430000A_000013,桃園市,景福宮,0.89,local_favorite
Attraction_376430000A_000395,桃園市,大溪中正公園,0.887,local_favorite
Attraction_376430000A_000537,桃園市,壽山巖觀音寺,0.865,minor
Attraction_376430000A_000538,桃園市,大溪齋明寺,0.863,local_favorite
Attraction_376430000A_000050,桃園市,角板山行館,0.862,local_favorite
Attraction_376430000A_000334,桃園市,龍潭聖蹟亭,0.855,minor
Attraction_376430000A_000292,桃園市,甘泉寺,0.854,minor
Attraction_376430000A_001373,桃園市,大溪普濟堂,0.852,local_favorite
Attraction_376430000A_000992,桃園市,圓光禪寺,0.849,minor
Attraction_376430000A_000359,桃園市,平鎮褒忠祠(義民廟),0.837,minor
Attraction_376430000A_000499,桃園市,蓮座山觀音寺,0.831,minor
wikidata:Q124611001,桃園市,黃梅生紀念館,0.831,minor
Attraction_376430000A_000335,桃園市,八德三元宮,0.827,minor
wikidata:Q38077921,桃園市,青埔青昇宮,0.827,minor
Attraction_376430000A_000979,桃園市,大平紅橋,0.826,local_favorite
wikidata:Q17023639,桃園市,大園仁壽宮,0.826,minor
wikidata:Q18112036,桃園市,新屋福興宮,0.817,minor
wikidata:Q48900376,桃園市,龍潭永福宮,0.817,minor
wikidata:Q30946936,桃園市,龍潭南天宮,0.816,minor
wikidata:Q54975251,桃園市,鎮撫宮,0.806,minor
wikidata:Q55840286,桃園市,集義祠,0.805,minor
wikidata:Q55861975,桃園市,樂善寺,0.804,minor
wikidata:Q55717747,桃園市,大溪永昌宮,0.803,minor
wikidata:Q29971745,桃園市,忠義祠,0.801,minor
wikidata:Q28411321,桃園市,桃園龍德宮,0.797,minor
wikidata:Q50554193,桃園市,靈雲寺哲學廟,0.795,minor
Attraction_A15010200H_000137,澎湖縣,將軍澳嶼,0.925,local_favorite
wikidata:Q10864720,澎湖縣,七美嶼,0.901,tourist_spot
wikidata:Q10519454,澎湖縣,西嶼,0.853,tourist_spot
wikidata:Q62112129,澎湖縣,大倉媽祖文化園區,0.819,minor
Attraction_A15010200H_000007,澎湖縣,鳥嶼,0.816,minor
wikidata:Q11092400,澎湖縣,望安島,0.808,local_favorite
wikidata:Q82900871,澎湖縣,通梁保安宮,0.806,tourist_spot
wikidata:Q55695624,澎湖縣,紅木埕武聖廟,0.802,minor
wikidata:Q64732752,澎湖縣,講美龍德宮,0.8,minor
Attraction_A15010200H_000031,澎湖縣,大倉嶼,0.796,local_favorite
wikidata:Q102194688,澎湖縣,山水上帝廟,0.787,minor
wikidata:Q22569359,澎湖縣,澎湖本島,0.784,minor
wikidata:Q69413279,澎湖縣,尖山顯濟殿,0.78,minor
wikidata:Q56808859,澎湖縣,成功天軍殿,0.769,minor
Attraction_A15010200H_000068,澎湖縣,西嶼坪嶼,0.766,local_favorite
wikidata:Q81186266,澎湖縣,重光威靈殿,0.766,minor
Attraction_A15010200H_000066,澎湖縣,西吉嶼,0.764,minor
Attraction_A15010200H_000067,澎湖縣,東嶼坪嶼,0.763,local_favorite
wikidata:Q66088541,澎湖縣,鎖港北極殿,0.762,minor
wikidata:Q71014924,澎湖縣,白坑玉聖殿,0.758,minor
Attraction_A15010200H_000115,澎湖縣,小門嶼,0.754,tourist_spot
wikidata:Q115859539,澎湖縣,瓦硐張氏家廟,0.751,minor
wikidata:Q55698036,澎湖縣,文澳祖師廟,0.75,minor
wikidata:Q89415753,澎湖縣,馬公第三漁港,0.748,local_favorite
wikidata:Q11080063,澎湖縣,文澳城隍廟,0.747,minor
wikidata:Q134818335,澎湖縣,東吉啟明宮,0.747,minor
wikidata:Q65081517,澎湖縣,烏崁靖海宮,0.744,minor
wikidata:Q61669044,澎湖縣,嵵裡水仙宮,0.74,minor
Attraction_A15010200H_000005,澎湖縣,員貝嶼,0.737,local_favorite
Attraction_A15010200H_000139,澎湖縣,澎湖廳憲兵隊,0.736,minor
Attraction_387000000A_000278,臺中市,寶覺寺,0.918,local_favorite
Attraction_387000000A_000833,臺中市,國道臺中清水服務區休息站,0.896,minor
Attraction_387000000A_000809,臺中市,豐原慈濟宮,0.892,local_favorite
Attraction_387000000A_000165,臺中市,萬春宮,0.891,minor
Attraction_387000000A_002026,臺中市,文心森林公園,0.887,local_favorite
Attraction_387000000A_000832,臺中市,梧棲朝元宮,0.884,minor
Attraction_387000000A_001999,臺中市,湖心亭,0.86,tourist_spot
wikidata:Q109346444,臺中市,鳥嘴潭人工湖,0.857,minor
wikidata:Q11124264,臺中市,臺中廣天宮,0.856,minor
Attraction_387000000A_001423,臺中市,帝國製糖廠臺中營業所,0.852,minor
Attraction_387000000A_000797,臺中市,孫立人將軍故居,0.845,minor
Attraction_387000000A_000818,臺中市,秋紅谷景觀生態公園,0.843,tourist_spot
Attraction_387000000A_001077,臺中市,思源埡口,0.843,local_favorite
Attraction_A15010700H_000591,臺中市,思源埡口,0.843,local_favorite
Attraction_A15010700H_000071,臺中市,大甲溪發電廠,0.842,minor
Attraction_387000000A_001451,臺中市,筱雲山莊,0.841,local_favorite
Attraction_387000000A_000003,臺中市,柳原教會,0.837,minor
Attraction_387000000A_000849,臺中市,東海別墅夜市,0.833,local_favorite
Attraction_387000000A_000009,臺中市,白冷圳紀念公園,0.83,minor
Attraction_387000000A_001984,臺中市,臺中國際會展中心,0.827,minor
wikidata:Q16929004,臺中市,東勢巧聖仙師祖廟,0.822,minor
wikidata:Q9572356,臺中市,臺中產業園區,0.822,minor
Attraction_387000000A_000161,臺中市,台中城隍廟,0.82,minor
Attraction_387000000A_000146,臺中市,望高寮夜景公園,0.817,local_favorite
wikidata:Q133282150,臺中市,新興宮,0.814,minor
Attraction_387000000A_000976,臺中市,大甲溪發電廠生態園區(馬鞍壩生態園區),0.812,local_favorite
wikidata:Q106359596,臺中市,大里杙福興宮,0.809,minor
wikidata:Q28414931,臺中市,台中聖壽宮,0.808,minor
Attraction_387000000A_001072,臺中市,清水大楊油庫,0.807,minor
Attraction_387000000A_000133,臺中市,台中南天宮-關帝聖君,0.806,minor
Attraction_379000000A_000066,臺北市,北投普濟寺,0.881,minor
Attraction_379000000A_000011,臺北市,新北投溫泉商圈,0.866,tourist_spot
wikidata:Q19853356,臺北市,臺北二二八紀念館,0.845,minor
Attraction_379000000A_000366,臺北市,臺灣省城隍廟,0.833,local_favorite
Attraction_379000000A_000074,臺北市,艋舺青山宮,0.818,local_favorite
wikidata:Q97167858,臺北市,國家鐵道博物館,0.804,local_favorite
Attraction_379000000A_000418,臺北市,大稻埕慈聖宮,0.803,local_favorite
Attraction_379000000A_000319,臺北市,青年公園,0.795,minor
Attraction_379000000A_002256,臺北市,歪腰郵筒,0.787,tourist_spot
Attraction_379000000A_000424,臺北市,竹子湖海芋季,0.784,local_favorite
Attraction_379000000A_001801,臺北市,竹子湖,0.784,local_favorite
Attraction_379000000A_000385,臺北市,文昌宮,0.775,minor
Attraction_379000000A_000256,臺北市,寶藏巖國際藝術村,0.773,local_favorite
Attraction_379000000A_000223,臺北市,紀州庵文學森林,0.755,local_favorite
wikidata:Q15908677,臺北市,醉月湖,0.755,minor
Attraction_379000000A_000067,臺北市,碧山巖開漳聖王廟,0.748,local_favorite
wikidata:Q114298970,臺北市,經國七海文化園區,0.745,tourist_spot
Attraction_379000000A_001546,臺北市,重慶南路_書店街,0.744,minor
wikidata:Q113807984,臺北市,臺灣總督府博物館,0.742,minor
Attraction_379000000A_000104,臺北市,玫瑰古蹟_蔡瑞月舞蹈研究社,0.725,local_favorite
wikidata:Q10914194,臺北市,臺北法主公廟,0.724,minor
Attraction_379000000A_000075,臺北市,財團法人劍潭古寺,0.722,minor
Attraction_379000000A_000356,臺北市,西本願寺廣場,0.722,local_favorite
Attraction_379000000A_000080,臺北市,天主教台北聖家堂,0.721,minor
Attraction_379000000A_003813,臺北市,艋舺夜市(俗稱萬華夜市),0.721,local_favorite
Attraction_379000000A_002261,臺北市,新芳春茶行,0.718,local_favorite
Attraction_379000000A_000062,臺北市,照明淨寺_情人廟,0.715,minor
Attraction_379000000A_000359,臺北市,台灣基督長老教會大稻埕教會,0.715,minor
Attraction_379000000A_002194,臺北市,圓山自然景觀公園,0.714,minor
Attraction_379000000A_000381,臺北市,松山奉天宮,0.71,minor
Attraction_395000000A_000485,臺南市,西港慶安宮,0.949,local_favorite
Attraction_395000000A_000815,臺南市,正統鹿耳門聖母廟,0.943,local_favorite
Attraction_A15011100H_000066,臺南市,土城正統鹿耳門聖母廟,0.943,local_favorite
Attraction_395000000A_000466,臺南市,南鯤鯓代天府,0.935,local_favorite
Attraction_A15011100H_000088,臺南市,南鯤鯓代天府(大鯤園),0.935,minor
Attraction_395000000A_000709,臺南市,東嶽殿,0.925,local_favorite
wikidata:Q11665823,臺南市,飛虎將軍廟,0.925,local_favorite
Attraction_395000000A_004281,臺南市,鹿耳門天后宮,0.922,local_favorite
Attraction_A15011100H_000067,臺南市,鹿耳門天后宮,0.922,local_favorite
Attraction_A15011100H_000086,臺南市,四草大眾廟,0.911,local_favorite
Attraction_395000000A_000682,臺南市,臺灣府城隍廟,0.894,local_favorite
Attraction_395000000A_001142,臺南市,原台南州廳-台灣文學館,0.888,tourist_spot
Attraction_395000000A_004308,臺南市,護庇宮,0.887,minor
Attraction_395000000A_000486,臺南市,佳里金唐殿,0.885,local_favorite
Attraction_395000000A_000684,臺南市,開基天后宮,0.881,local_favorite
Attraction_395000000A_005816,臺南市,台南山上花園水道博物館,0.876,local_favorite
Attraction_A15011200H_000160,臺南市,臺南山上花園水道博物館,0.876,local_favorite
Attraction_395000000A_000715,臺南市,台南公園(羊蹄甲林)、台南苦楝花(知事官邸),0.874,local_favorite
Attraction_395000000A_000554,臺南市,善化慶安宮,0.873,minor
wikidata:Q10937985,臺南市,大觀音亭興濟宮,0.871,local_favorite
Attraction_395000000A_000475,臺南市,學甲慈濟宮,0.866,local_favorite
wikidata:Q24833641,臺南市,鹽行天后宮,0.864,minor
Attraction_395000000A_000512,臺南市,白河大仙寺,0.862,local_favorite
Attraction_A15011200H_000009,臺南市,大仙寺,0.862,local_favorite
Attraction_395000000A_000499,臺南市,新營太子宮,0.86,local_favorite
Attraction_395000000A_000669,臺南市,普濟殿,0.86,local_favorite
Attraction_395000000A_001349,臺南市,成大榕園,0.855,local_favorite
Attraction_395000000A_000483,臺南市,佳里震興宮,0.852,minor
Attraction_395000000A_001325,臺南市,太平境馬雅各紀念教會,0.85,minor
wikidata:Q24835790,臺南市,臺南南沙宮,0.848,minor
Attraction_376540000A_000302,臺東縣,台東天后宮,0.902,local_favorite
Attraction_376540000A_000376,臺東縣,綠島監獄,0.901,tourist_spot
Attraction_376540000A_000312,臺東縣,鯉魚山公園,0.857,local_favorite
Attraction_376540000A_001296,臺東縣,臺東轉運站,0.857,minor
wikidata:Q11151529,臺東縣,浸水營古道,0.848,local_favorite
wikidata:Q28409173,臺東縣,成廣澳天后宮,0.845,minor
wikidata:Q28061044,臺東縣,海山寺,0.841,minor
wikidata:Q28740660,臺東縣,富岡海神廟,0.832,minor
Attraction_376540000A_001547,臺東縣,小馬隧道,0.825,local_favorite
Attraction_376540000A_000212,臺東縣,天龍吊橋,0.818,tourist_spot
wikidata:Q109350437,臺東縣,旭海漁港,0.811,minor
wikidata:Q109415072,臺東縣,臺東農場,0.811,minor
wikidata:Q30947368,臺東縣,臺東順天宮,0.804,minor
wikidata:Q34682561,臺東縣,新港瀑布,0.802,minor
wikidata:Q19852424,臺東縣,小港漁港,0.796,minor
Attraction_376540000A_001474,臺東縣,成功萬善廟,0.787,minor
wikidata:Q28735967,臺東縣,初鹿鎮東宮,0.785,minor
Attraction_376540000A_000349,臺東縣,大武漁港,0.781,local_favorite
Attraction_376540000A_000433,臺東縣,基翬漁港,0.777,minor
Attraction_376540000A_001480,臺東縣,初來橋,0.772,minor
wikidata:Q28761269,臺東縣,太平文衡殿,0.771,minor
wikidata:Q36740137,臺東縣,建和敬山宮,0.767,minor
Attraction_376540000A_000359,臺東縣,舊樟原橋遊憩區,0.764,local_favorite
Attraction_A15010100H_000162,臺東縣,樟原,0.764,minor
Attraction_376540000A_000324,臺東縣,泰源幽谷,0.763,tourist_spot
wikidata:Q138011587,臺東縣,池上鄉福德宮,0.761,minor
wikidata:Q28860001,臺東縣,臺東福安宮,0.761,minor
Attraction_376540000A_000336,臺東縣,石雨傘,0.757,tourist_spot
Attraction_A15010100H_000040,臺東縣,石雨傘,0.757,tourist_spot
Attraction_376540000A_000380,臺東縣,綠島觀音洞,0.756,tourist_spot
Attraction_376550000A_001433,花蓮縣,吉安慶修院,0.922,tourist_spot
Attraction_A15010300H_000201,花蓮縣,吉安慶修院,0.922,tourist_spot
Attraction_376550000A_000145,花蓮縣,勝安宮,0.905,local_favorite
Attraction_376550000A_009385,花蓮縣,天祥,0.905,tourist_spot
Attraction_376550000A_000109,花蓮縣,關原,0.887,minor
wikidata:Q15909389,花蓮縣,白楊瀑布,0.886,minor
Attraction_376550000A_003072,花蓮縣,太魯閣牌樓,0.884,tourist_spot
wikidata:Q17029169,花蓮縣,花蓮紅葉溫泉,0.881,local_favorite
Attraction_376550000A_000363,花蓮縣,玉里協天宮,0.877,minor
Attraction_376550000A_003056,花蓮縣,曙光橋,0.873,local_favorite
wikidata:Q139412965,花蓮縣,東淨寺,0.872,minor
Attraction_376550000A_000399,花蓮縣,羅山瀑布,0.869,local_favorite
Attraction_A15010300H_000253,花蓮縣,羅山瀑布,0.869,local_favorite
wikidata:Q15927869,花蓮縣,安通溫泉,0.869,local_favorite
wikidata:Q11079742,花蓮縣,文山溫泉,0.866,minor
Attraction_376550000A_000154,花蓮縣,初音山(初英山),0.857,minor
Attraction_376550000A_001284,花蓮縣,石梯漁港,0.857,local_favorite
Attraction_376550000A_000239,花蓮縣,新光兆豐休閒農場,0.853,tourist_spot
Attraction_A15010300H_000012,花蓮縣,新光兆豐休閒農場,0.853,tourist_spot
Attraction_376550000A_003061,花蓮縣,玉里神社遺址,0.852,local_favorite
Attraction_376550000A_000369,花蓮縣,玉泉寺,0.845,minor
Attraction_376550000A_000204,花蓮縣,花蓮縣考古博物館,0.844,minor
Attraction_376550000A_000340,花蓮縣,瑞穗溫泉區,0.842,local_favorite
Attraction_376550000A_000245,花蓮縣,林田神社殘蹟,0.838,local_favorite
wikidata:Q66491028,花蓮縣,崙敦古鳳宮,0.835,minor
Attraction_376550000A_003073,花蓮縣,太魯閣大橋,0.833,minor
wikidata:Q22569308,花蓮縣,花蓮慈天宮,0.833,minor
Attraction_376550000A_000037,花蓮縣,美崙溪畔公園,0.832,local_favorite
wikidata:Q137374754,花蓮縣,瑞穗青蓮寺,0.832,minor
wikidata:Q137820323,花蓮縣,台泥DAKA園區,0.832,local_favorite
Attraction_376450000A_000985,苗栗縣,鯉魚潭水庫,0.953,local_favorite
Attraction_376450000A_000017,苗栗縣,后厝龍鳳宮,0.947,local_favorite
Attraction_376450000A_000225,苗栗縣,獅頭山勸化堂,0.942,local_favorite
Attraction_A15010700H_000039,苗栗縣,勸化堂,0.942,local_favorite
Attraction_376450000A_000118,苗栗縣,明德水庫風景區,0.916,local_favorite
Attraction_376450000A_000105,苗栗縣,慈和宮,0.914,minor
wikidata:Q10936509,苗栗縣,大湖法雲禪寺,0.899,minor
wikidata:Q59120559,苗栗縣,公館五穀宮,0.877,minor
wikidata:Q56556181,苗栗縣,苗栗市天后宮,0.875,minor
wikidata:Q71937009,苗栗縣,竹南五穀宮,0.863,minor
wikidata:Q28963294,苗栗縣,昭忠廟,0.855,minor
Attraction_376450000A_000596,苗栗縣,峨崙廟,0.846,minor
Attraction_376450000A_000944,苗栗縣,白沙屯海邊,0.845,local_favorite
Attraction_376450000A_000045,苗栗縣,竹南蛇窯古窯生態博物館,0.841,local_favorite
wikidata:Q60989673,苗栗縣,天雲廟,0.841,minor
wikidata:Q28412973,苗栗縣,龍湖宮,0.84,minor
wikidata:Q28854905,苗栗縣,慈雲寺,0.839,minor
Attraction_376450000A_000111,苗栗縣,馬家庄,0.831,minor
wikidata:Q55697902,苗栗縣,白沙屯五雲宮,0.826,minor
wikidata:Q71959606,苗栗縣,頭份福德祠,0.826,minor
wikidata:Q21041570,苗栗縣,協靈宮,0.82,minor
wikidata:Q44660202,苗栗縣,新蓮寺,0.818,minor
wikidata:Q64393934,苗栗縣,苗栗市萬善祠暨范苟祠,0.818,minor
wikidata:Q33379013,苗栗縣,楊統領廟,0.816,minor
wikidata:Q10932297,苗栗縣,外埔合興宮,0.814,minor
wikidata:Q17370629,苗栗縣,公司寮漁港,0.814,local_favorite
wikidata:Q50422103,苗栗縣,銅鑼天后宮,0.814,minor
Attraction_376450000A_001001,苗栗縣,清海宮,0.813,minor
wikidata:Q136643801,苗栗縣,大湖震災記念塔,0.812,minor
wikidata:Q17030601,苗栗縣,頭份太陽宮,0.808,minor
wikidata:Q49636852,連江縣,東莒島,0.936,local_favorite
wikidata:Q34783900,連江縣,西莒島,0.915,local_favorite
wikidata:Q49632653,連江縣,北竿島,0.863,local_favorite
Attraction_A15010500H_002740,連江縣,金板境天后宮,0.854,minor
Attraction_A15010500H_002787,連江縣,津沙境天后宮,0.854,local_favorite
Attraction_A15010500H_002730,連江縣,馬祖境天后宮,0.84,local_favorite
wikidata:Q67932070,連江縣,牛峰境五靈公廟,0.806,minor
wikidata:Q60991663,連江縣,福澳境華光大帝廟,0.792,minor
wikidata:Q111343748,連江縣,芹壁境天后宮,0.771,local_favorite
Attraction_A15010500H_002725,連江縣,枕戈待旦紀念公園,0.741,tourist_spot
Attraction_A15010500H_002756,連江縣,大埔石刻,0.731,local_favorite
wikidata:Q49657546,連江縣,南竿島,0.727,local_favorite
Attraction_A15010500H_002754,連江縣,熾坪隴考古遺址,0.715,minor
Attraction_A15010500H_002743,連江縣,大漢據點,0.69,local_favorite
wikidata:Q106322099,連江縣,中柳天后宮,0.684,minor
Attraction_A15010500H_002789,連江縣,雲臺山,0.675,local_favorite
wikidata:Q126123142,連江縣,南竿大王宮,0.67,minor
Attraction_A15010500H_002716,連江縣,戰爭和平紀念公園主題館,0.668,minor
Attraction_A15010500H_002718,連江縣,戰爭和平紀念公園,0.668,local_favorite
Attraction_A15010500H_002764,連江縣,中柱港,0.658,minor
wikidata:Q130384396,連江縣,田沃境天后宮,0.653,minor
Attraction_A15010500H_002775,連江縣,東湧燈塔(東引島燈塔),0.651,local_favorite
wikidata:Q14465791,連江縣,高登島,0.649,minor
wikidata:Q130384412,連江縣,北竿塘岐境玉封蕭王府廟,0.642,minor
Attraction_A15010500H_002770,連江縣,安東坑道,0.633,local_favorite
Attraction_A15010500H_002751,連江縣,東犬燈塔(東莒島燈塔),0.626,local_favorite
Attraction_A15010500H_002790,連江縣,鐵堡,0.615,local_favorite
Attraction_A15010500H_002793,連江縣,馬祖民俗文物館,0.61,minor
Attraction_A15010500H_002722,連江縣,馬祖酒廠,0.59,local_favorite
Attraction_A15010500H_002724,連江縣,蔬菜公園,0.559,minor
Attraction_371020000A_000401,金門縣,海印寺,0.871,local_favorite
Attraction_371020000A_000392,金門縣,瓊林蔡氏家廟,0.853,local_favorite
Attraction_371020000A_000795,金門縣,靈濟寺(觀音亭),0.841,minor
Attraction_371020000A_000933,金門縣,金門基督教會,0.84,minor
Attraction_371020000A_000669,金門縣,勇士堡,0.819,minor
wikidata:Q140530357,金門縣,薛氏大宗宗祠,0.818,minor
Attraction_371020000A_000811,金門縣,浯島城隍廟,0.813,local_favorite
Attraction_371020000A_000391,金門縣,奎閣(魁星樓),0.808,local_favorite
wikidata:Q11103803,金門縣,東溪鄭氏家廟,0.798,minor
Attraction_371020000A_000970,金門縣,李光前將軍廟,0.788,minor
wikidata:Q130384653,金門縣,前埔保障宮,0.783,minor
Attraction_371020000A_000403,金門縣,豐蓮山牧馬侯祠,0.782,minor
Attraction_371020000A_001389,金門縣,擎天廳,0.778,local_favorite
Attraction_371020000A_000409,金門縣,瓊林一門三節坊,0.774,minor
Attraction_371020000A_000670,金門縣,鐵漢堡,0.77,local_favorite
Attraction_371020000A_000439,金門縣,金水國小,0.765,local_favorite
wikidata:Q101250952,金門縣,太湖,0.765,local_favorite
Attraction_371020000A_000504,金門縣,金沙水庫,0.763,minor
Attraction_371020000A_000503,金門縣,榮湖,0.754,minor
wikidata:Q17498986,金門縣,復國墩漁港,0.748,minor
Attraction_371020000A_001347,金門縣,金門縣水產試驗所,0.746,minor
wikidata:Q34783768,金門縣,烈嶼,0.739,local_favorite
Attraction_371020000A_000649,金門縣,陳景蘭洋樓,0.729,local_favorite
Attraction_371020000A_000482,金門縣,中山紀念林,0.724,local_favorite
wikidata:Q107138338,金門縣,九宮碼頭,0.723,minor
Attraction_371020000A_000399,金門縣,虛江嘯臥碣群,0.711,minor
Attraction_371020000A_000508,金門縣,慈湖,0.704,local_favorite
Attraction_371020000A_001397,金門縣,金東電影院,0.704,minor
Attraction_371020000A_000654,金門縣,得月樓,0.699,local_favorite
wikidata:Q49673690,金門縣,金門島,0.693,minor
Attraction_A15011100H_000309,雲林縣,外傘頂洲沙灘,0.96,local_favorite
Attraction_376490000A_000338,雲林縣,土庫順天宮,0.946,minor
Attraction_376490000A_000021,雲林縣,虎尾鐵橋,0.944,local_favorite
Attraction_376490000A_000251,雲林縣,五條港安西府,0.939,minor
Attraction_376490000A_000004,雲林縣,褒忠鄉馬鳴山鎮安宮,0.933,local_favorite
Attraction_376490000A_000040,雲林縣,北港-武德宮樂咖啡,0.933,minor
Attraction_376490000A_000064,雲林縣,北港武德宮,0.933,local_favorite
Attraction_376490000A_000058,雲林縣,四湖三條崙海清宮包公祖廟,0.928,minor
Attraction_376490000A_000022,雲林縣,虎尾驛,0.925,local_favorite
Attraction_376490000A_000084,雲林縣,西螺福興宮,0.92,local_favorite
Attraction_376490000A_000100,雲林縣,斗南順安宮,0.92,minor
Attraction_376490000A_000024,雲林縣,合同廳舍,0.913,local_favorite
wikidata:Q10514278,雲林縣,虎尾三聖公廟,0.912,minor
Attraction_376490000A_000066,雲林縣,湖山岩大佛寺／佛教藝術園區,0.904,local_favorite
Attraction_376490000A_000148,雲林縣,樟湖生態國民中小學,0.902,minor
wikidata:Q112184105,雲林縣,褒忠鄧麗君幼年故居,0.902,local_favorite
wikidata:Q17025367,雲林縣,斗六真一寺,0.898,minor
Attraction_376490000A_000229,雲林縣,虎尾福安宮糖廠媽,0.885,minor
wikidata:Q36461003,雲林縣,寒林寺,0.885,minor
Attraction_376490000A_000230,雲林縣,虎尾德興宮,0.884,minor
wikidata:Q110418060,雲林縣,東營大將軍廟,0.884,minor
Attraction_376490000A_000105,雲林縣,大埤三山國王廟,0.879,minor
Attraction_376490000A_000123,雲林縣,萡子寮漁港,0.875,local_favorite
Attraction_A15011100H_000270,雲林縣,萡子寮濱海遊憩區(萡子寮漁港),0.875,local_favorite
wikidata:Q116505975,雲林縣,虎尾舊水塔,0.871,minor
Attraction_376490000A_000045,雲林縣,李萬居故居(李萬居精神啟蒙館),0.87,minor
Attraction_376490000A_000062,雲林縣,七角井,0.869,minor
wikidata:Q134158637,雲林縣,北港鎮安宮,0.867,minor
wikidata:Q11084208,雲林縣,草嶺潭,0.864,minor
Attraction_376490000A_000216,雲林縣,開基斗六媽新興宮,0.858,minor
Attraction_397000000A_001771,高雄市,壽天宮,0.844,minor
Attraction_397000000A_001213,高雄市,逍遙園,0.841,local_favorite
Attraction_397000000A_000634,高雄市,三鳳宮,0.838,local_favorite
wikidata:Q11173834,高雄市,鳳邑舊城城隍廟,0.834,local_favorite
wikidata:Q10566875,高雄市,高雄市文武聖殿,0.833,minor
wikidata:Q9384975,高雄市,五甲龍成宮,0.83,minor
Attraction_397000000A_000661,高雄市,航空教育展示館,0.818,local_favorite
wikidata:Q11085448,高雄市,旗山天后宮,0.816,minor
wikidata:Q111387098,高雄市,鳳山青年夜市,0.812,local_favorite
Attraction_397000000A_000209,高雄市,大崗山風景區,0.811,local_favorite
wikidata:Q28417628,高雄市,元亨寺,0.808,local_favorite
Attraction_397000000A_000087,高雄市,高雄關帝廟(武廟),0.799,minor
Attraction_397000000A_000173,高雄市,旗山孔廟,0.796,minor
wikidata:Q10931665,高雄市,壽山國家自然公園,0.795,tourist_spot
wikidata:Q28061001,高雄市,聖公媽廟,0.785,minor
wikidata:Q137782109,高雄市,高雄果嶺自然公園,0.782,minor
wikidata:Q30943930,高雄市,關山天后宮,0.778,minor
wikidata:Q123657674,高雄市,白砂崙萬福宮,0.776,minor
wikidata:Q22100320,高雄市,凹仔底森林公園,0.772,local_favorite
wikidata:Q24836863,高雄市,天兵忠靈祠,0.766,minor
wikidata:Q11173776,高雄市,鳳山舊城孔子廟崇聖祠,0.757,minor
wikidata:Q18669555,高雄市,鼓山地嶽殿,0.751,minor
Attraction_397000000A_000217,高雄市,內門紫竹寺,0.75,local_favorite
wikidata:Q10564524,高雄市,開臺福德宮,0.75,minor
wikidata:Q20688664,高雄市,楠梓天后宮,0.75,minor
Attraction_397000000A_000071,高雄市,前鎮漁港,0.746,minor
wikidata:Q136535716,高雄市,莉·瓷藝博物館,0.746,minor
Attraction_397000000A_000201,高雄市,漯底山自然公園,0.741,local_favorite
wikidata:Q24832829,高雄市,九甲圍義山宮,0.739,minor
wikidata:Q97623389,高雄市,蚵仔寮漁港,0.738,local_favorite
